FirstName,LastName,Email,DateOfBirth
FAIL_01,Demo,fail01@example.com,1990-01-01
FAIL_02,Demo,fail02@example.com,1991-02-02
FAIL_03,Demo,fail03@example.com,1992-03-03
FAIL_04,Demo,fail04@example.com,1993-04-04
FAIL_05,Demo,fail05@example.com,1994-05-05
FAIL_06,Demo,fail06@example.com,1995-06-06
FAIL_07,Demo,fail07@example.com,1996-07-07
FAIL_08,Demo,fail08@example.com,1997-08-08
FAIL_09,Demo,fail09@example.com,1998-09-09
FAIL_10,Demo,fail10@example.com,1999-10-10
FAIL_11,Demo,fail11@example.com,2000-11-11
FAIL_12,Demo,fail12@example.com,2001-12-12
FAIL_13,Demo,fail13@example.com,1985-01-13
FAIL_14,Demo,fail14@example.com,1986-02-14
FAIL_15,Demo,fail15@example.com,1987-03-15
FAIL_16,Demo,fail16@example.com,1988-04-16
FAIL_17,Demo,fail17@example.com,1989-05-17
FAIL_18,Demo,fail18@example.com,1990-06-18
FAIL_19,Demo,fail19@example.com,1991-07-19
FAIL_20,Demo,fail20@example.com,1992-08-20
FAIL_21,Demo,fail21@example.com,1993-09-21
FAIL_22,Demo,fail22@example.com,1994-10-22
FAIL_23,Demo,fail23@example.com,1995-11-23
FAIL_24,Demo,fail24@example.com,1996-12-24
FAIL_25,Demo,fail25@example.com,1997-01-25

